Workbook

Sheet DataPublished
A1: Samit Member Name | B1: Assigned Person | C1: Mobile Number | D1: Status | E1: Registered | F1: Samiti Member Phone Number | G1: Remarks | H1: Address
A2: Shri Narayanji Chandak | B2: Sandeep Subhash Agiwal | C2: 9821381810 | D2: =_xlfn.IFNA(VLOOKUP(C2,CallLog_Latest!A:H,7,FALSE),"Not Called") -> Not Called | E2: =IF(ISNA(VLOOKUP(C2,Registration!A:A,1,FALSE)),"Not Registered","Registered") -> Not Registered | F2: =VLOOKUP(A2,Sheet1!A:B,2,FALSE) -> 9326379737 | G2: =_xlfn.IFNA(VLOOKUP(C2,CallLog_Latest!A:H,8,FALSE),"") | H2: =VLOOKUP(C2,[1]Sheet1!$F:$H,3,FALSE) -> Galaxy CHSL. B-205, Mith Chowky, Marve Road, Malad (W
A3: Shri Manojji Laddha | B3: Anand Jugalkishor Asawa | C3: 9324420871 | D3: =_xlfn.IFNA(VLOOKUP(C3,CallLog_Latest!A:H,7,FALSE),"Not Called") -> Not Called | E3: =IF(ISNA(VLOOKUP(C3,Registration!A:A,1,FALSE)),"Not Registered","Registered") -> Not Registered | F3: =VLOOKUP(A3,Sheet1!A:B,2,FALSE) -> 9323541634 | G3: =_xlfn.IFNA(VLOOKUP(C3,CallLog_Latest!A:H,8,FALSE),"") | H3: =VLOOKUP(C3,[1]Sheet1!$F:$H,3,FALSE) -> F/102 Krishna Residency Behind Sunder Nagar S.V.Road
A4: Jyoti Omprakash Gaggar | B4: Anil Jugalkishor Asawa | C4: 9820265640 | D4: =_xlfn.IFNA(VLOOKUP(C4,CallLog_Latest!A:H,7,FALSE),"Not Called") -> Not Called | E4: =IF(ISNA(VLOOKUP(C4,Registration!A:A,1,FALSE)),"Not Registered","Registered") -> Not Registered | F4: =VLOOKUP(A4,Sheet1!A:B,2,FALSE) -> 9867015031 | G4: =_xlfn.IFNA(VLOOKUP(C4,CallLog_Latest!A:H,8,FALSE),"") | H4: =VLOOKUP(C4,[1]Sheet1!$F:$H,3,FALSE) -> F/102, Krishna Residency, Behind Sunder Nagar, Malad (W
A5: Shri Yogendraji Karwa | B5: Omshankar Harikishan Assawa | C5: 9821460734 | D5: =_xlfn.IFNA(VLOOKUP(C5,CallLog_Latest!A:H,7,FALSE),"Not Called") -> Not Called | E5: =IF(ISNA(VLOOKUP(C5,Registration!A:A,1,FALSE)),"Not Registered","Registered") -> Not Registered | F5: =VLOOKUP(A5,Sheet1!A:B,2,FALSE) -> 9821268271 | G5: =_xlfn.IFNA(VLOOKUP(C5,CallLog_Latest!A:H,8,FALSE),"") | H5: =VLOOKUP(C5,[1]Sheet1!$F:$H,3,FALSE) -> C/403 KINGSTON HEIGHTS Chincholi Bunder Road, Malad (W
A6: Shri Gulabji Jaju | B6: Rahul Omshankar Assawa | C6: 9820454734 | D6: =_xlfn.IFNA(VLOOKUP(C6,CallLog_Latest!A:H,7,FALSE),"Not Called") -> Not Called | E6: =IF(ISNA(VLOOKUP(C6,Registration!A:A,1,FALSE)),"Not Registered","Registered") -> Not Registered | F6: =VLOOKUP(A6,Sheet1!A:B,2,FALSE) -> 9322598681 | G6: =_xlfn.IFNA(VLOOKUP(C6,CallLog_Latest!A:H,8,FALSE),"") | H6: =VLOOKUP(C6,[1]Sheet1!$F:$H,3,FALSE) -> C-403, Kingston Heights Chincholi Bunder Road, Malad (W
A7: Shri Satyaprakashji Malpani | B7: Amitji Rameshwar Bajaj | C7: 9920318503 | D7: =_xlfn.IFNA(VLOOKUP(C7,CallLog_Latest!A:H,7,FALSE),"Not Called") -> Not Called | E7: =IF(ISNA(VLOOKUP(C7,Registration!A:A,1,FALSE)),"Not Registered","Registered") -> Not Registered | F7: =VLOOKUP(A7,Sheet1!A:B,2,FALSE) -> 9969403870 | G7: =_xlfn.IFNA(VLOOKUP(C7,CallLog_Latest!A:H,8,FALSE),"") | H7: =VLOOKUP(C7,[1]Sheet1!$F:$H,3,FALSE) -> G-504 Krishna Residency Atmaram Compound Near Dalmiya College Behind Sunder Nagar Malad (W
A8: Shri Gopalji Gattani | B8: Brijmohan Hardevdas Bajaj | C8: 9322854440 | D8: =_xlfn.IFNA(VLOOKUP(C8,CallLog_Latest!A:H,7,FALSE),"Not Called") -> Not Called | E8: =IF(ISNA(VLOOKUP(C8,Registration!A:A,1,FALSE)),"Not Registered","Registered") -> Not Registered | F8: =VLOOKUP(A8,Sheet1!A:B,2,FALSE) -> 9892726278 | G8: =_xlfn.IFNA(VLOOKUP(C8,CallLog_Latest!A:H,8,FALSE),"") | H8: =VLOOKUP(C8,[1]Sheet1!$F:$H,3,FALSE) -> 209 Malad Shoppint Centre Near Sai Mandir S.V.Road
A9: Shri Sampatkumarji Bhattad | B9: Inderchand Bhavarlal Bajaj | C9: 9892486921 | D9: =_xlfn.IFNA(VLOOKUP(C9,CallLog_Latest!A:H,7,FALSE),"Not Called") -> Not Called | E9: =IF(ISNA(VLOOKUP(C9,Registration!A:A,1,FALSE)),"Not Registered","Registered") -> Not Registered | F9: =VLOOKUP(A9,Sheet1!A:B,2,FALSE) -> 9869798705 | G9: =_xlfn.IFNA(VLOOKUP(C9,CallLog_Latest!A:H,8,FALSE),"") | H9: =VLOOKUP(C9,[1]Sheet1!$F:$H,3,FALSE) -> Sunder Nagar
A10: Shri Anilji Asava | B10: Tarachand Satyanarayan Bajaj | C10: 9869309871 | D10: =_xlfn.IFNA(VLOOKUP(C10,CallLog_Latest!A:H,7,FALSE),"Not Called") -> Not Called | E10: =IF(ISNA(VLOOKUP(C10,Registration!A:A,1,FALSE)),"Not Registered","Registered") -> Not Registered | F10: =VLOOKUP(A10,Sheet1!A:B,2,FALSE) -> 9820265640 | G10: =_xlfn.IFNA(VLOOKUP(C10,CallLog_Latest!A:H,8,FALSE),"") | H10: =VLOOKUP(C10,[1]Sheet1!$F:$H,3,FALSE) -> Flat No.106 The Kanchan Nalanda Chs. Sundar Nagar S.V. Road, Malad (W
A11: Shri Miteshji Tawari | B11: Sureshkumar Shrivallabh Balduva | C11: 9820506066 | D11: =_xlfn.IFNA(VLOOKUP(C11,CallLog_Latest!A:H,7,FALSE),"Not Called") -> Not Called | E11: =IF(ISNA(VLOOKUP(C11,Registration!A:A,1,FALSE)),"Not Registered","Registered") -> Not Registered | F11: =VLOOKUP(A11,Sheet1!A:B,2,FALSE) -> 9820636392 | G11: =_xlfn.IFNA(VLOOKUP(C11,CallLog_Latest!A:H,8,FALSE),"") | H11: =VLOOKUP(C11,[1]Sheet1!$F:$H,3,FALSE) -> B-701, Aruna Residency, Behind Sundar Nagar Opp. Krishna Residency, Nr. Dalmia College, Malad (W
A12: Shri Sureshkumarji Jaju | B12: Rahul Mohandas Bangard | C12: 9820620702 | D12: =_xlfn.IFNA(VLOOKUP(C12,CallLog_Latest!A:H,7,FALSE),"Not Called") -> Not Called | E12: =IF(ISNA(VLOOKUP(C12,Registration!A:A,1,FALSE)),"Not Registered","Registered") -> Not Registered | F12: =VLOOKUP(A12,Sheet1!A:B,2,FALSE) -> 7977439717 | G12: =_xlfn.IFNA(VLOOKUP(C12,CallLog_Latest!A:H,8,FALSE),"") | H12: =VLOOKUP(C12,[1]Sheet1!$F:$H,3,FALSE) -> C-2802 Rustomjee Elanza Off Link Road
A13: Shri Riteshji Chandak | B13: Sachin Narendra Bangur | C13: 8108066289 | D13: =_xlfn.IFNA(VLOOKUP(C13,CallLog_Latest!A:H,7,FALSE),"Not Called") -> Not Called | E13: =IF(ISNA(VLOOKUP(C13,Registration!A:A,1,FALSE)),"Not Registered","Registered") -> Not Registered | F13: =VLOOKUP(A13,Sheet1!A:B,2,FALSE) -> 9967045520 | G13: =_xlfn.IFNA(VLOOKUP(C13,CallLog_Latest!A:H,8,FALSE),"") | H13: =VLOOKUP(C13,[1]Sheet1!$F:$H,3,FALSE) -> G-1106 Palm Court New Link Road
... A967: Shobha Kanhaiyalal Darak | B967: Neelam Gourishankar Toshniwal | C967: 9320770849 | D967: =_xlfn.IFNA(VLOOKUP(C967,CallLog_Latest!A:H,7,FALSE),"Not Called") -> Phone Busy | E967: =IF(ISNA(VLOOKUP(C967,Registration!A:A,1,FALSE)),"Not Registered","Registered") -> Registered | F967: =VLOOKUP(A967,Sheet1!A:B,2,FALSE) -> 9702260383 | G967: =_xlfn.IFNA(VLOOKUP(C967,CallLog_Latest!A:H,8,FALSE),"") -> 0 | H967: =VLOOKUP(C967,[1]Sheet1!$F:$H,3,FALSE) -> Octacrest, 901 -A Wing, Lokhandwala Township, Kandivali (E

Sheet Sheet3
A1: Volunteer Name
A2: Anjali Ishan Mundhra
A3: Shri Harnarayanji Jaju
A4: Shobha Kanhaiyalal Darak
A5: Meenu Lalit Soni
A6: Shri Sampatkumarji Bhattad
A7: Shri Ratishji Mundhra
A8: Shri Purshottamji Kalantri
A9: Shri Vijayji Rathi
A10: Vipin Saboo
A11: Shri Rameshji Mundhra
A12: Shri Nikhilji Chandak
... A28: Jyotsna Sohan Sarda

Sheet Sheet2

Sheet Sheet1
A1: Samit Member Name | B1: Phone
A2: Shri Narayanji Chandak | B2: 9326379737
A3: Shri Manojji Laddha | B3: 9323541634
A4: Jyoti Omprakash Gaggar | B4: 9867015031
A5: Shri Yogendraji Karwa | B5: 9821268271
A6: Shri Gulabji Jaju | B6: 9322598681
A7: Shri Satyaprakashji Malpani | B7: 9969403870
A8: Shri Gopalji Gattani | B8: 9892726278
A9: Shri Sampatkumarji Bhattad | B9: 9869798705
A10: Shri Anilji Asava | B10: 9820265640
A11: Shri Miteshji Tawari | B11: 9820636392
A12: Shri Sureshkumarji Jaju | B12: 7977439717
A13: Shri Riteshji Chandak | B13: 9967045520
... A66: Kavita Sandeep Kabra | B66: 9320624230

Sheet CallLog_Latest
A1: Phone Number Formula | B1: Timestamp | C1: Email Address | D1: Volunteer Name | E1: Person Contacted | F1: Phone Number | G1: Call Status ? | H1: Remarks | I1: Duplicate
A2: =F2 -> 7045887557 | B2: =fromNewLinkREsponses!A114 -> 45668.7 | C2: =fromNewLinkREsponses!B114 -> vipin0785@gmail.com | D2: =fromNewLinkREsponses!D114 -> Vipin Saboo | E2: =fromNewLinkREsponses!E114 -> Rajesh Ramawatar Sodhani | F2: =fromNewLinkREsponses!F114 -> 7045887557 | G2: =fromNewLinkREsponses!C114 -> May be Attending | H2: =fromNewLinkREsponses!G114 -> Not sure. If free 2 would be attending
A3: =F3 -> 7045991852 | B3: 45957.861 | D3: Anjali Ishan Mundhra | E3: Nimish Vijaykumar Bihani | F3: 7045991852 | G3: Maybe Attending 🤔 | I3: =F2=F3 -> FALSE
A4: =F4 -> 7303221249 | B4: =fromNewLinkREsponses!A115 -> 45668.702 | C4: =fromNewLinkREsponses!B115 -> akajainca@gmail.com | D4: =fromNewLinkREsponses!D115 -> Akansha Rahul Somani | E4: =fromNewLinkREsponses!E115 -> Sudha Manoj Falor | F4: =fromNewLinkREsponses!F115 -> 7303221249 | G4: =fromNewLinkREsponses!C115 -> Confirmed Presence | H4: =fromNewLinkREsponses!G115 -> 0 | I4: =F3=F4 -> FALSE
A5: =F5 -> 7387113012 | B5: =fromNewLinkREsponses!A77 -> 45668.661 | C5: =fromNewLinkREsponses!B77 -> caprachirathi@gmail.com | D5: =fromNewLinkREsponses!D77 -> Prachi Ankit Kabra | E5: =fromNewLinkREsponses!E77 -> Rupesh Ramkisan Somani | F5: =fromNewLinkREsponses!F77 -> 7387113012 | G5: =fromNewLinkREsponses!C77 -> Confirmed Presence | H5: =fromNewLinkREsponses!G77 -> He mentioned that it is done ✅ | I5: =F4=F5 -> FALSE
A6: =F6 -> 7506055680 | B6: 45944.771 | D6: Shri Harnarayanji Jaju | E6: Rishbh Rajendrakumar Birla | F6: 7506055680 | G6: Maybe Attending 🤔 | I6: =F5=F6 -> FALSE
A7: =F7 -> 7506371178 | B7: 45957.919 | D7: Shobha Kanhaiyalal Darak | E7: Jyoti Vikas Kasat | F7: 7506371178 | G7: Maybe Attending 🤔 | I7: =F6=F7 -> FALSE
A8: =F8 -> 7506747155 | B8: =fromNewLinkREsponses!A21 -> 45668.574 | C8: =fromNewLinkREsponses!B21 -> jagdish.lahoti92@gmail.com | D8: =fromNewLinkREsponses!D21 -> Jagdish Rameshchand Lahoti | E8: =fromNewLinkREsponses!E21 -> Jayprakash Madanlal Rathi | F8: =fromNewLinkREsponses!F21 -> 7506747155 | G8: =fromNewLinkREsponses!C21 -> Not Reachable | H8: =fromNewLinkREsponses!G21 -> 0 | I8: =F7=F8 -> FALSE
A9: =F9 -> 7506809269 | B9: =fromNewLinkREsponses!A26 -> 45668.577 | C9: =fromNewLinkREsponses!B26 -> jagdish.lahoti92@gmail.com | D9: =fromNewLinkREsponses!D26 -> Jagdish Rameshchand Lahoti | E9: =fromNewLinkREsponses!E26 -> Mehul Dilip Maheshwari | F9: =fromNewLinkREsponses!F26 -> 7506809269 | G9: =fromNewLinkREsponses!C26 -> Confirmed Presence | H9: =fromNewLinkREsponses!G26 -> 0 | I9: =F8=F9 -> FALSE
A10: =F10 -> 7738385694 | B10: =fromNewLinkREsponses!A163 -> 45699.529 | C10: =fromNewLinkREsponses!B163 -> caananddaliya@gmail.com | D10: =fromNewLinkREsponses!D163 -> Anand Omprakash Daliya | E10: =fromNewLinkREsponses!E163 -> Alok Surajmal Mantri | F10: =fromNewLinkREsponses!F163 -> 7738385694 | G10: =fromNewLinkREsponses!C163 -> Not Reachable | H10: =fromNewLinkREsponses!G163 -> Incoming call not active | I10: =F9=F10 -> FALSE
A11: =F11 -> 7738388091 | B11: =fromNewLinkREsponses!A167 -> 45699.537 | C11: =fromNewLinkREsponses!B167 -> caananddaliya@gmail.com | D11: =fromNewLinkREsponses!D167 -> Anand Omprakash Daliya | E11: =fromNewLinkREsponses!E167 -> Alok Purshottamlal Bang | F11: =fromNewLinkREsponses!F167 -> 7738388091 | G11: =fromNewLinkREsponses!C167 -> May be Attending | H11: =fromNewLinkREsponses!G167 -> Will confirm soon | I11: =F10=F11 -> FALSE
A12: =F12 -> 7798729876 | B12: =fromNewLinkREsponses!A173 -> 45699.585 | C12: =fromNewLinkREsponses!B173 -> prdhoot@gmail.com | D12: =fromNewLinkREsponses!D173 -> Prateek Ramesh Dhoot | E12: =fromNewLinkREsponses!E173 -> Amit Omprakash Bahedia | F12: =fromNewLinkREsponses!F173 -> 7798729876 | G12: =fromNewLinkREsponses!C173 -> Not Reachable | H12: =fromNewLinkREsponses!G173 -> phone is with some other person | I12: =F11=F12 -> FALSE
A13: =F13 -> 7874999912 | B13: 45957.863 | D13: Anjali Ishan Mundhra | E13: Nirmal Manishankar Maroo | F13: 7874999912 | G13: Confirmed Presence ✅ | I13: =F12=F13 -> FALSE
A14: =F14 -> 7977214168 | B14: 45943.492 | D14: Meenu Lalit Soni | E14: Kala Jaygopal Kasat | F14: 7977214168 | G14: Confirmed Presence ✅ | I14: =F13=F14 -> FALSE
A15: =F15 -> 7977439717 | B15: =fromNewLinkREsponses!A75 -> 45668.654 | C15: =fromNewLinkREsponses!B75 -> arkmantri@gmail.com | D15: =fromNewLinkREsponses!D75 -> Shri Avinash Mantri | E15: =fromNewLinkREsponses!E75 -> Sureshkumar Ramniwas Jajoo | F15: =fromNewLinkREsponses!F75 -> 7977439717 | G15: =fromNewLinkREsponses!C75 -> Confirmed Presence | H15: =fromNewLinkREsponses!G75 -> Will register | I15: =F14=F15 -> FALSE
A16: =F16 -> 8097078048 | B16: 45957.924 | D16: Shobha Kanhaiyalal Darak | E16: Ranu Arun Kabra | F16: 8097078048 | G16: Maybe Attending 🤔 | I16: =F15=F16 -> FALSE
A17: =F17 -> 8291612305 | B17: =fromNewLinkREsponses!A144 -> 45699.438 | C17: =fromNewLinkREsponses!B144 -> onlinevdarak@gmail.com | D17: =fromNewLinkREsponses!D144 -> Varun Kanhaiyalal Darak | E17: =fromNewLinkREsponses!E144 -> Shubham Sampat Bhattad | F17: =fromNewLinkREsponses!F144 -> 8291612305 | G17: =fromNewLinkREsponses!C144 -> Phone Busy | H17: =fromNewLinkREsponses!G144 -> 0 | I17: =F16=F17 -> FALSE
A18: =F18 -> 8425048184 | B18: =fromNewLinkREsponses!A172 -> 45699.584 | C18: =fromNewLinkREsponses!B172 -> prdhoot@gmail.com | D18: =fromNewLinkREsponses!D172 -> Prateek Ramesh Dhoot | E18: =fromNewLinkREsponses!E172 -> Akhilesh Premkishan Mantri | F18: =fromNewLinkREsponses!F172 -> 8425048184 | G18: =fromNewLinkREsponses!C172 -> Confirmed Presence | H18: =fromNewLinkREsponses!G172 -> said will register | I18: =F17=F18 -> FALSE
A19: =F19 -> 8446381106 | B19: 45957.909 | D19: Shobha Kanhaiyalal Darak | E19: Bhagyashree Akshay Rathi | F19: 8446381106 | G19: Maybe Attending 🤔 | I19: =F18=F19 -> FALSE
A20: =F20 -> 8600106060 | B20: 45942.663 | D20: Shri Sampatkumarji Bhattad | E20: Pushpak Manoj Laddha | F20: 8600106060 | G20: Confirmed Presence ✅ | I20: =F19=F20 -> FALSE
A21: =F21 -> 8652071304 | B21: 45957.904 | D21: Shobha Kanhaiyalal Darak | E21: Abha Damodar Karwa | F21: 8652071304 | G21: Not Reachable | I21: =F20=F21 -> FALSE
A22: =F22 -> 8777740593 | B22: =fromNewLinkREsponses!A20 -> 45668.573 | C22: =fromNewLinkREsponses!B20 -> jagdish.lahoti92@gmail.com | D22: =fromNewLinkREsponses!D20 -> Jagdish Rameshchand Lahoti | E22: =fromNewLinkREsponses!E20 -> Harinarayan Champalal Karnani | F22: =fromNewLinkREsponses!F20 -> 8777740593 | G22: =fromNewLinkREsponses!C20 -> Not Reachable | H22: =fromNewLinkREsponses!G20 -> 0 | I22: =F21=F22 -> FALSE
A23: =F23 -> 8779689904 | B23: =fromNewLinkREsponses!A145 -> 45699.439 | C23: =fromNewLinkREsponses!B145 -> rassawa@gmail.com | D23: =fromNewLinkREsponses!D145 -> Rahul Omshankar Assawa | E23: =fromNewLinkREsponses!E145 -> Preet Premswaroop Sikchi | F23: =fromNewLinkREsponses!F145 -> 8779689904 | G23: =fromNewLinkREsponses!C145 -> Not Reachable | H23: =fromNewLinkREsponses!G145 -> Number not available | I23: =F22=F23 -> FALSE
A24: =F24 -> 8779756681 | B24: =fromNewLinkREsponses!A30 -> 45668.579 | C24: =fromNewLinkREsponses!B30 -> jagdish.lahoti92@gmail.com | D24: =fromNewLinkREsponses!D30 -> Jagdish Rameshchand Lahoti | E24: =fromNewLinkREsponses!E30 -> Murlimanohar Bodulaal Kasat | F24: =fromNewLinkREsponses!F30 -> 8779756681 | G24: =fromNewLinkREsponses!C30 -> Not Reachable | H24: =fromNewLinkREsponses!G30 -> 0 | I24: =F23=F24 -> FALSE
A25: =F25 -> 8823915926 | B25: =fromNewLinkREsponses!A146 -> 45699.44 | C25: =fromNewLinkREsponses!B146 -> onlinevdarak@gmail.com | D25: =fromNewLinkREsponses!D146 -> Varun Kanhaiyalal Darak | E25: =fromNewLinkREsponses!E146 -> Siddhant Kishan Ladda | F25: =fromNewLinkREsponses!F146 -> 8823915926 | G25: =fromNewLinkREsponses!C146 -> Not Reachable | H25: =fromNewLinkREsponses!G146 -> Number does not exist. Needs correction/revision in calling list | I25: =F24=F25 -> FALSE
A26: =F26 -> 8871984007 | B26: =fromNewLinkREsponses!A169 -> 45699.539 | C26: =fromNewLinkREsponses!B169 -> swatichandak90@gmail.com | D26: =fromNewLinkREsponses!D169 -> Kaushalyadevi Dineshkumar Gaggad | E26: =fromNewLinkREsponses!E169 -> Prachi Ankit Kabra | F26: =fromNewLinkREsponses!F169 -> 8871984007 | G26: =fromNewLinkREsponses!C169 -> Confirmed Presence | H26: =fromNewLinkREsponses!G169 -> 0 | I26: =F25=F26 -> FALSE
A27: =F27 -> 8879097778 | B27: =fromNewLinkREsponses!A149 -> 45699.441 | C27: =fromNewLinkREsponses!B149 -> rassawa@gmail.com | D27: =fromNewLinkREsponses!D149 -> Rahul Omshankar Assawa | E27: =fromNewLinkREsponses!E149 -> Radheyshyam Bankatlal Soni | F27: =fromNewLinkREsponses!F149 -> 8879097778 | G27: =fromNewLinkREsponses!C149 -> Phone Busy | H27: =fromNewLinkREsponses!G149 -> Will try again | I27: =F26=F27 -> FALSE
A28: =F28 -> 8879380701 | B28: 45957.861 | D28: Anjali Ishan Mundhra | E28: Niranjan Omprakash Mundra | F28: 8879380701 | G28: Confirmed Presence ✅ | I28: =F27=F28 -> FALSE
A29: =F29 -> 8919841473 | B29: =fromNewLinkREsponses!A130 -> 45699.422 | C29: =fromNewLinkREsponses!B130 -> onlinevdarak@gmail.com | D29: =fromNewLinkREsponses!D130 -> Varun Kanhaiyalal Darak | E29: =fromNewLinkREsponses!E130 -> Ashish DIneshchandra Baheti | F29: =fromNewLinkREsponses!F130 -> 8919841473 | G29: =fromNewLinkREsponses!C130 -> Not Coming | H29: =fromNewLinkREsponses!G130 -> Have a family function on same day | I29: =F28=F29 -> FALSE
A30: =F30 -> 8999747002 | B30: =fromNewLinkREsponses!A119 -> 45668.767 | C30: =fromNewLinkREsponses!B119 -> jyotis1311@gmail.com | D30: =fromNewLinkREsponses!D119 -> Jyotsna Sohan Sarda | E30: =fromNewLinkREsponses!E119 -> Kanchan Atul Bhutada | F30: =fromNewLinkREsponses!F119 -> 8999747002 | G30: =fromNewLinkREsponses!C119 -> Confirmed Presence | H30: =fromNewLinkREsponses!G119 -> Coming | I30: =F29=F30 -> FALSE
A31: =F31 -> 9000438763 | B31: 45943.492 | D31: Meenu Lalit Soni | E31: Archana Prakash Rathi | F31: 9000438763 | G31: Not Reachable | H31: Wrong no | I31: =F30=F31 -> FALSE
A32: =F32 -> 9004255553 | B32: 45941.613 | D32: Shri Ratishji Mundhra | E32: Jugalkishor Damodardas Kela | F32: 9004255553 | G32: Confirmed Presence ✅ | I32: =F31=F32 -> FALSE
A33: =F33 -> 9004259412 | B33: 45942.449 | D33: Shri Purshottamji Kalantri | E33: Piyush Ramesh Gattani | F33: 9004259412 | G33: Confirmed Presence ✅ | I33: =F32=F33 -> FALSE
A34: =F34 -> 9004351568 | B34: 45943.52 | D34: Shri Harnarayanji Jaju | E34: Abhinav Narendrakumar Maheshwari | F34: 9004351568 | G34: Confirmed Presence ✅ | I34: =F33=F34 -> FALSE
A35: =F35 -> 9004481082 | B35: =fromNewLinkREsponses!A40 -> 45668.583 | C35: =fromNewLinkREsponses!B40 -> impt85@gmail.com | D35: =fromNewLinkREsponses!D40 -> Shri Premji Taparia | E35: =fromNewLinkREsponses!E40 -> Ramanuj Babulal Dad | F35: =fromNewLinkREsponses!F40 -> 9004481082 | G35: =fromNewLinkREsponses!C40 -> Confirmed Presence | H35: =fromNewLinkREsponses!G40 -> 0 | I35: =F34=F35 -> FALSE
A36: =F36 -> 9004547878 | B36: 45958.875 | D36: Shri Vijayji Rathi | E36: Pannechand Fatehchand Sarda | F36: 9004547878 | G36: Confirmed Presence ✅ | H36: 3 member | I36: =F35=F36 -> FALSE
A37: =F37 -> 9004677979 | B37: 45959.382 | D37: Vipin Saboo | E37: Animesh Mahendrakumar Saboo | F37: 9004677979 | G37: Maybe Attending 🤔 | H37: 2 people may attend | I37: =F36=F37 -> FALSE
A38: =F38 -> 9022963335 | B38: 45949.477 | D38: Shri Rameshji Mundhra | E38: Amith Bhagwandas Bharadiya | F38: 9022963335 | G38: Phone Busy | H38: Didn’t pickup | I38: =F37=F38 -> FALSE
A39: =F39 -> 9028711211 | B39: 45942.648 | D39: Shri Sampatkumarji Bhattad | E39: Abhishek Radheshyam Jaju | F39: 9028711211 | G39: Confirmed Presence ✅ | I39: =F38=F39 -> FALSE
A40: =F40 -> 9029355691 | B40: 45957.858 | D40: Anjali Ishan Mundhra | E40: Dhruv Vrijesh Kabra | F40: 9029355691 | G40: Not Coming 🚫 | H40: Exams going on | I40: =F39=F40 -> FALSE
A41: =F41 -> 9029889349 | B41: =fromNewLinkREsponses!A97 -> 45668.687 | C41: =fromNewLinkREsponses!B97 -> akajainca@gmail.com | D41: =fromNewLinkREsponses!D97 -> Akansha Rahul Somani | E41: =fromNewLinkREsponses!E97 -> Mahendrda Mohan Kabra | F41: =fromNewLinkREsponses!F97 -> 9029889349 | G41: =fromNewLinkREsponses!C97 -> Phone Busy | H41: =fromNewLinkREsponses!G97 -> 0 | I41: =F40=F41 -> FALSE
A42: =F42 -> 9076054588 | B42: =fromNewLinkREsponses!A47 -> 45668.588 | C42: =fromNewLinkREsponses!B47 -> arkmantri@gmail.com | D42: =fromNewLinkREsponses!D47 -> Shri Avinash Mantri | E42: =fromNewLinkREsponses!E47 -> Harsh Harish Rathi | F42: =fromNewLinkREsponses!F47 -> 9076054588 | G42: =fromNewLinkREsponses!C47 -> Confirmed Presence | H42: =fromNewLinkREsponses!G47 -> Will register | I42: =F41=F42 -> FALSE
A43: =F43 -> 9082360561 | B43: 45942.669 | D43: Shri Sampatkumarji Bhattad | E43: Vinay Shailesh Somani | F43: 9082360561 | G43: Confirmed Presence ✅ | I43: =F42=F43 -> FALSE
A44: =F44 -> 9167234508 | B44: =fromNewLinkREsponses!A132 -> 45699.427 | C44: =fromNewLinkREsponses!B132 -> onlinevdarak@gmail.com | D44: =fromNewLinkREsponses!D132 -> Varun Kanhaiyalal Darak | E44: =fromNewLinkREsponses!E132 -> Harsh Naanakram Sodhani | F44: =fromNewLinkREsponses!F132 -> 9167234508 | G44: =fromNewLinkREsponses!C132 -> Not Reachable | H44: =fromNewLinkREsponses!G132 -> 0 | I44: =F43=F44 -> FALSE
A45: =F45 -> 9167598389 | B45: 45943.706 | D45: Shri Harnarayanji Jaju | E45: Rajesh Bhagwandas Rathi | F45: 9167598389 | G45: Not Reachable | H45: No reply | I45: =F44=F45 -> FALSE
A46: =F46 -> 9167730854 | B46: 45957.856 | D46: Anjali Ishan Mundhra | E46: Ankit Kailashchandra Maheshwari | F46: 9167730854 | G46: Not Reachable | H46: Didn't pick up phone | I46: =F45=F46 -> FALSE
A47: =F47 -> 9167900897 | B47: 45942.453 | D47: Shri Purshottamji Kalantri | E47: Sunil Roshanlal Ajmera | F47: 9167900897 | G47: Confirmed Presence ✅ | I47: =F46=F47 -> FALSE
A48: =F48 -> 9223427892 | B48: 45957.895 | D48: Shri Nikhilji Chandak | E48: Kamal Bodulal Toshniwal | F48: 9223427892 | G48: Not Reachable | H48: Phone no is not in use | I48: =F47=F48 -> FALSE
A49: =F49 -> 9223464075 | B49: 45941.575 | D49: Shri Ratishji Mundhra | E49: Ashok Kumar Om Prakash Mandhana | F49: 9223464075 | G49: Maybe Attending 🤔 | I49: =F48=F49 -> FALSE
A50: =F50 -> 9224198417 | B50: 45942.66 | D50: Shri Sampatkumarji Bhattad | E50: Mukesh Shankarlal Deopura | F50: 9224198417 | G50: Confirmed Presence ✅ | I50: =F49=F50 -> FALSE
A51: =F51 -> 9225211083 | B51: 45943.493 | D51: Meenu Lalit Soni | E51: Khushboo Sachin Dhoot | F51: 9225211083 | G51: Confirmed Presence ✅ | I51: =F50=F51 -> FALSE
A52: =F52 -> 9320035084 | B52: 45942.461 | D52: Shri Purshottamji Kalantri | E52: Manish Damodarlal Mandhania | F52: 9320035084 | G52: Confirmed Presence ✅ | I52: =F51=F52 -> FALSE
A53: =F53 -> 9320102206 | B53: =fromNewLinkREsponses!A106 -> 45668.692 | C53: =fromNewLinkREsponses!B106 -> akajainca@gmail.com | D53: =fromNewLinkREsponses!D106 -> Akansha Rahul Somani | E53: =fromNewLinkREsponses!E106 -> Shankarlal Suganchandji Chandak | F53: =fromNewLinkREsponses!F106 -> 9320102206 | G53: =fromNewLinkREsponses!C106 -> May be Attending | H53: =fromNewLinkREsponses!G106 -> 0 | I53: =F52=F53 -> FALSE
A54: =F54 -> 9320105607 | B54: =fromNewLinkREsponses!A183 -> 45699.59 | C54: =fromNewLinkREsponses!B183 -> prdhoot@gmail.com | D54: =fromNewLinkREsponses!D183 -> Prateek Ramesh Dhoot | E54: =fromNewLinkREsponses!E183 -> Shreekrishna Loonkaran Bhattad | F54: =fromNewLinkREsponses!F183 -> 9320105607 | G54: =fromNewLinkREsponses!C183 -> Not Coming | H54: =fromNewLinkREsponses!G183 -> not in mumbai | I54: =F53=F54 -> FALSE
A55: =F55 -> 9320308008 | B55: =fromNewLinkREsponses!A10 -> 31/10/2025 22:02:07 | C55: =fromNewLinkREsponses!B10 -> nikechandak@gmail.com | D55: =fromNewLinkREsponses!D10 -> Shri Nikhilji Chandak | E55: =fromNewLinkREsponses!E10 -> Vinit Rameshchandra Maheshwari | F55: =fromNewLinkREsponses!F10 -> 9320308008 | G55: =fromNewLinkREsponses!C10 -> Confirmed Presence | H55: =fromNewLinkREsponses!G10 -> 3 people have confirmed | I55: =F54=F55 -> FALSE
A56: =F56 -> 9320683201 | B56: 45958.888 | D56: Vijay rathi | E56: Yes | F56: 9320683201 | G56: Maybe Attending 🤔 | H56: Out of station delhi | I56: =F55=F56 -> FALSE
A57: =F57 -> 9320770849 | B57: 45957.92 | D57: Shobha Kanhaiyalal Darak | E57: Neelam Gourishankar Toshniwal | F57: 9320770849 | G57: Phone Busy | I57: =F56=F57 -> FALSE
A58: =F58 -> 9320916175 | B58: =fromNewLinkREsponses!A52 -> 45668.606 | C58: =fromNewLinkREsponses!B52 -> arkmantri@gmail.com | D58: =fromNewLinkREsponses!D52 -> Shri Avinash Mantri | E58: =fromNewLinkREsponses!E52 -> Harish Kumar Sarda | F58: =fromNewLinkREsponses!F52 -> 9320916175 | G58: =fromNewLinkREsponses!C52 -> Confirmed Presence | H58: =fromNewLinkREsponses!G52 -> Will register | I58: =F57=F58 -> FALSE
A59: =F59 -> 9320969649 | B59: =fromNewLinkREsponses!A19 -> 45668.572 | C59: =fromNewLinkREsponses!B19 -> jagdish.lahoti92@gmail.com | D59: =fromNewLinkREsponses!D19 -> Jagdish Rameshchand Lahoti | E59: =fromNewLinkREsponses!E19 -> Gajanand Ganpatrai Gaggar | F59: =fromNewLinkREsponses!F19 -> 9320969649 | G59: =fromNewLinkREsponses!C19 -> Confirmed Presence | H59: =fromNewLinkREsponses!G19 -> 0 | I59: =F58=F59 -> FALSE
A60: =F60 -> 9321169646 | B60: =fromNewLinkREsponses!A43 -> 45668.585 | C60: =fromNewLinkREsponses!B43 -> jagdish.lahoti92@gmail.com | D60: =fromNewLinkREsponses!D43 -> Jagdish Rameshchand Lahoti | E60: =fromNewLinkREsponses!E43 -> Vithaldas Tejmal Bhattad | F60: =fromNewLinkREsponses!F43 -> 9321169646 | G60: =fromNewLinkREsponses!C43 -> May be Attending | H60: =fromNewLinkREsponses!G43 -> 0 | I60: =F59=F60 -> FALSE
A61: =F61 -> 9321296213 | B61: 45941.59 | D61: Shri Ratishji Mundhra | E61: Purshottamdas Radhakishan Bhandari | F61: 9321296213 | G61: Maybe Attending 🤔 | I61: =F60=F61 -> FALSE
A62: =F62 -> 9321346176 | B62: 45941.592 | D62: Shri Ratishji Mundhra | E62: Rajeev Tarachand Ajmera | F62: 9321346176 | G62: Confirmed Presence ✅ | I62: =F61=F62 -> FALSE
A63: =F63 -> 9321489104 | B63: =fromNewLinkREsponses!A153 -> 45699.444 | C63: =fromNewLinkREsponses!B153 -> onlinevdarak@gmail.com | D63: =fromNewLinkREsponses!D153 -> Varun Kanhaiyalal Darak | E63: =fromNewLinkREsponses!E153 -> Yogesh Nathmal Mantri | F63: =fromNewLinkREsponses!F153 -> 9321489104 | G63: =fromNewLinkREsponses!C153 -> Phone Busy | H63: =fromNewLinkREsponses!G153 -> 0 | I63: =F62=F63 -> FALSE
A64: =F64 -> 9321882437 | B64: 45958.874 | D64: Shri Vijayji Rathi | E64: Naresh Gordhan Rathi | F64: 9321882437 | G64: Not Reachable | H64: Mobile switch off number changed | I64: =F63=F64 -> FALSE
A65: =F65 -> 9322080898 | B65: =fromNewLinkREsponses!A57 -> 45668.62 | C65: =fromNewLinkREsponses!B57 -> trysachin@gmail.com | D65: =fromNewLinkREsponses!D57 -> Khushboo Sachin Dhoot | E65: =fromNewLinkREsponses!E57 -> Anilkumar Shannimal Mundhra | F65: =fromNewLinkREsponses!F57 -> 9322080898 | G65: =fromNewLinkREsponses!C57 -> May be Attending | H65: =fromNewLinkREsponses!G57 -> 0 | I65: =F64=F65 -> FALSE
A66: =F66 -> 9322123231 | B66: 45958.883 | D66: Shri Vijayji Rathi | E66: Ravi Bansilal Mandovra | F66: 9322123231 | G66: Not Reachable | H66: Wrong number | I66: =F65=F66 -> FALSE
A67: =F67 -> 9322177391 | B67: =fromNewLinkREsponses!A124 -> 45668.769 | C67: =fromNewLinkREsponses!B124 -> jyotis1311@gmail.com | D67: =fromNewLinkREsponses!D124 -> Jyotsna Sohan Sarda | E67: =fromNewLinkREsponses!E124 -> Sangeeta Vinaykumar Sharda | F67: =fromNewLinkREsponses!F124 -> 9322177391 | G67: =fromNewLinkREsponses!C124 -> 0 | H67: =fromNewLinkREsponses!G124 -> Not picked up | I67: =F66=F67 -> FALSE
A68: =F68 -> 9322177718 | B68: =fromNewLinkREsponses!A120 -> 45668.768 | C68: =fromNewLinkREsponses!B120 -> jyotis1311@gmail.com | D68: =fromNewLinkREsponses!D120 -> Jyotsna Sohan Sarda | E68: =fromNewLinkREsponses!E120 -> Nandadevi Shyamsundar Laddha | F68: =fromNewLinkREsponses!F120 -> 9322177718 | G68: =fromNewLinkREsponses!C120 -> 0 | H68: =fromNewLinkREsponses!G120 -> Wrong number | I68: =F67=F68 -> FALSE
A69: =F69 -> 9322210725 | B69: =fromNewLinkREsponses!A80 -> 45668.666 | C69: =fromNewLinkREsponses!B80 -> caprachirathi@gmail.com | D69: =fromNewLinkREsponses!D80 -> Prachi Ankit Kabra | E69: =fromNewLinkREsponses!E80 -> Hari Dwarikadas Daga | F69: =fromNewLinkREsponses!F80 -> 9322210725 | G69: =fromNewLinkREsponses!C80 -> Not Coming | H69: =fromNewLinkREsponses!G80 -> Death at home in last 5 days | I69: =F68=F69 -> FALSE
A70: =F70 -> 9322232683 | B70: =fromNewLinkREsponses!A82 -> 45668.669 | C70: =fromNewLinkREsponses!B82 -> caprachirathi@gmail.com | D70: =fromNewLinkREsponses!D82 -> Prachi Ankit Kabra | E70: =fromNewLinkREsponses!E82 -> Kamalkishore Thanmal Rathi | F70: =fromNewLinkREsponses!F82 -> 9322232683 | G70: =fromNewLinkREsponses!C82 -> May be Attending | H70: =fromNewLinkREsponses!G82 -> He is out of town, wife might attend. | I70: =F69=F70 -> FALSE
A71: =F71 -> 9322233166 | B71: =fromNewLinkREsponses!A148 -> 45699.441 | C71: =fromNewLinkREsponses!B148 -> rassawa@gmail.com | D71: =fromNewLinkREsponses!D148 -> Rahul Omshankar Assawa | E71: =fromNewLinkREsponses!E148 -> Bajranglal Nathulal Sarda | F71: =fromNewLinkREsponses!F148 -> 9322233166 | G71: =fromNewLinkREsponses!C148 -> Phone Busy | H71: =fromNewLinkREsponses!G148 -> 0 | I71: =F70=F71 -> FALSE
A72: =F72 -> 9322239904 | B72: 45958.875 | D72: Shri Vijayji Rathi | E72: Girdharlal Kanhiyala Lakhotia | F72: 9322239904 | G72: Not Reachable | H72: No reply | I72: =F71=F72 -> FALSE
A73: =F73 -> 9322249379 | B73: 45956.613 | D73: Varun Sanjeev Maheshwari | E73: Gajendra Ramvallabh Mantri | F73: 9322249379 | G73: Maybe Attending 🤔 | I73: =F72=F73 -> FALSE
A74: =F74 -> 9322275160 | B74: =fromNewLinkREsponses!A37 -> 45668.582 | C74: =fromNewLinkREsponses!B37 -> impt85@gmail.com | D74: =fromNewLinkREsponses!D37 -> Shri Premji Taparia | E74: =fromNewLinkREsponses!E37 -> Arun Shivkumar Saboo | F74: =fromNewLinkREsponses!F37 -> 9322275160 | G74: =fromNewLinkREsponses!C37 -> Phone Busy | H74: =fromNewLinkREsponses!G37 -> 0 | I74: =F73=F74 -> FALSE
A75: =F75 -> 9322297743 | B75: 45942.649 | D75: Shri Sampatkumarji Bhattad | E75: Bharat Krishnagopal Tawari | F75: 9322297743 | G75: Confirmed Presence ✅ | I75: =F74=F75 -> FALSE
A76: =F76 -> 9322335162 | B76: =fromNewLinkREsponses!A118 -> 45668.767 | C76: =fromNewLinkREsponses!B118 -> jyotis1311@gmail.com | D76: =fromNewLinkREsponses!D118 -> Jyotsna Sohan Sarda | E76: =fromNewLinkREsponses!E118 -> Durga Gajanand Bharadia | F76: =fromNewLinkREsponses!F118 -> 9322335162 | G76: =fromNewLinkREsponses!C118 -> Not Reachable | H76: =fromNewLinkREsponses!G118 -> Not picked up | I76: =F75=F76 -> FALSE
A77: =F77 -> 9322397174 | B77: =fromNewLinkREsponses!A24 -> 45668.576 | C77: =fromNewLinkREsponses!B24 -> jagdish.lahoti92@gmail.com | D77: =fromNewLinkREsponses!D24 -> Jagdish Rameshchand Lahoti | E77: =fromNewLinkREsponses!E24 -> Madhusudan Narayanlal Sarda | F77: =fromNewLinkREsponses!F24 -> 9322397174 | G77: =fromNewLinkREsponses!C24 -> Confirmed Presence | H77: =fromNewLinkREsponses!G24 -> 0 | I77: =F76=F77 -> FALSE
A78: =F78 -> 9322598681 | B78: =fromNewLinkREsponses!A174 -> 45699.585 | C78: =fromNewLinkREsponses!B174 -> prdhoot@gmail.com | D78: =fromNewLinkREsponses!D174 -> Prateek Ramesh Dhoot | E78: =fromNewLinkREsponses!E174 -> Gulab Bhanwar Jajoo | F78: =fromNewLinkREsponses!F174 -> 9322598681 | G78: =fromNewLinkREsponses!C174 -> Not Reachable | H78: =fromNewLinkREsponses!G174 -> phone not picking | I78: =F77=F78 -> FALSE
A79: =F79 -> 9322874559 | B79: =fromNewLinkREsponses!A4 -> 31/10/2025 11:53:47 | C79: =fromNewLinkREsponses!B4 -> ratishmoondra@gmail.com | D79: =fromNewLinkREsponses!D4 -> Shri Ratishji Mundhra | E79: =fromNewLinkREsponses!E4 -> Sureshkumar Girdharilal Sarda | F79: =fromNewLinkREsponses!F4 -> 9322874559 | G79: =fromNewLinkREsponses!C4 -> Not Reachable | H79: =fromNewLinkREsponses!G4 -> 0 | I79: =F78=F79 -> FALSE
A80: =F80 -> 9322896944 | B80: =fromNewLinkREsponses!A86 -> 45668.675 | C80: =fromNewLinkREsponses!B86 -> caprachirathi@gmail.com | D80: =fromNewLinkREsponses!D86 -> Prachi Ankit Kabra | E80: =fromNewLinkREsponses!E86 -> Prahladrai Jugalkishore Somani | F80: =fromNewLinkREsponses!F86 -> 9322896944 | G80: =fromNewLinkREsponses!C86 -> May be Attending | H80: =fromNewLinkREsponses!G86 -> Daughter in law might attend | I80: =F79=F80 -> FALSE
A81: =F81 -> 9323053856 | B81: 45941.576 | D81: Shri Ratishji Mundhra | E81: Dilip Chandulal Biyani | F81: 9323053856 | G81: Not Reachable | I81: =F80=F81 -> FALSE
A82: =F82 -> 9323188245 | B82: =fromNewLinkREsponses!A42 -> 45668.585 | C82: =fromNewLinkREsponses!B42 -> jagdish.lahoti92@gmail.com | D82: =fromNewLinkREsponses!D42 -> Jagdish Rameshchand Lahoti | E82: =fromNewLinkREsponses!E42 -> Vinod Ramswaroop Pungalia | F82: =fromNewLinkREsponses!F42 -> 9323188245 | G82: =fromNewLinkREsponses!C42 -> May be Attending | H82: =fromNewLinkREsponses!G42 -> 0 | I82: =F81=F82 -> FALSE
A83: =F83 -> 9323284295 | B83: 45958.875 | D83: Shri Vijayji Rathi | E83: Gangaram Hazarimal Bangur | F83: 9323284295 | G83: Not Reachable | H83: No reply | I83: =F82=F83 -> FALSE
A84: =F84 -> 9323549794 | B84: =fromNewLinkREsponses!A96 -> 45668.687 | C84: =fromNewLinkREsponses!B96 -> akajainca@gmail.com | D84: =fromNewLinkREsponses!D96 -> Akansha Rahul Somani | E84: =fromNewLinkREsponses!E96 -> Jugalkishor Mohanlal Jhawar | F84: =fromNewLinkREsponses!F96 -> 9323549794 | G84: =fromNewLinkREsponses!C96 -> Confirmed Presence | H84: =fromNewLinkREsponses!G96 -> 0 | I84: =F83=F84 -> FALSE
A85: =F85 -> 9323589700 | B85: =fromNewLinkREsponses!A189 -> 45699.679 | C85: =fromNewLinkREsponses!B189 -> sagar.bhattad066@gmail.com | D85: =fromNewLinkREsponses!D189 -> Sagar Sampat Bhattad | E85: =fromNewLinkREsponses!E189 -> Pankaj Maganlal Rathi | F85: =fromNewLinkREsponses!F189 -> 9323589700 | G85: =fromNewLinkREsponses!C189 -> Confirmed Presence | H85: =fromNewLinkREsponses!G189 -> Registered for 1 | I85: =F84=F85 -> FALSE
A86: =F86 -> 9323698838 | B86: =fromNewLinkREsponses!A95 -> 45668.686 | C86: =fromNewLinkREsponses!B95 -> akajainca@gmail.com | D86: =fromNewLinkREsponses!D95 -> Akansha Rahul Somani | E86: =fromNewLinkREsponses!E95 -> Jagdish Rameshwarlal Agal | F86: =fromNewLinkREsponses!F95 -> 9323698838 | G86: =fromNewLinkREsponses!C95 -> Phone Busy | H86: =fromNewLinkREsponses!G95 -> 0 | I86: =F85=F86 -> FALSE
A87: =F87 -> 9323852536 | B87: 45958.879 | D87: Shri Vijayji Rathi | E87: Mahesh Shankarlal Bhattar | F87: 9323852536 | G87: Confirmed Presence ✅ | H87: Sure 3 members | I87: =F86=F87 -> FALSE
A88: =F88 -> 9323908004 | B88: =fromNewLinkREsponses!A58 -> 45668.62 | C88: =fromNewLinkREsponses!B58 -> trysachin@gmail.com | D88: =fromNewLinkREsponses!D58 -> Khushboo Sachin Dhoot | E88: =fromNewLinkREsponses!E58 -> Anup - Maheshwari | F88: =fromNewLinkREsponses!F58 -> 9323908004 | G88: =fromNewLinkREsponses!C58 -> Not Reachable | H88: =fromNewLinkREsponses!G58 -> Wrong Number | I88: =F87=F88 -> FALSE
A89: =F89 -> 9323930259 | B89: =fromNewLinkREsponses!A14 -> 31/10/2025 22:18:00 | C89: =fromNewLinkREsponses!B14 -> nikechandak@gmail.com | D89: =fromNewLinkREsponses!D14 -> Shri Nikhilji Chandak | E89: =fromNewLinkREsponses!E14 -> Satish Labhchand Totla | F89: =fromNewLinkREsponses!F14 -> 9323930259 | G89: =fromNewLinkREsponses!C14 -> Not Reachable | H89: =fromNewLinkREsponses!G14 -> 0 | I89: =F88=F89 -> FALSE
A90: =F90 -> 9323949574 | B90: 45943.493 | D90: Meenu Lalit Soni | E90: Pushpadevi Rajkumar Baheti | F90: 9323949574 | G90: Not Reachable | H90: Invalid no | I90: =F89=F90 -> FALSE
A91: =F91 -> 9324051973 | B91: =fromNewLinkREsponses!A39 -> 45668.583 | C91: =fromNewLinkREsponses!B39 -> jagdish.lahoti92@gmail.com | D91: =fromNewLinkREsponses!D39 -> Jagdish Rameshchand Lahoti | E91: =fromNewLinkREsponses!E39 -> Ramanuj Ramakishan Soni | F91: =fromNewLinkREsponses!F39 -> 9324051973 | G91: =fromNewLinkREsponses!C39 -> Not Coming | H91: =fromNewLinkREsponses!G39 -> 0 | I91: =F90=F91 -> FALSE
A92: =F92 -> 9324059577 | B92: =fromNewLinkREsponses!A104 -> 45668.691 | C92: =fromNewLinkREsponses!B104 -> akajainca@gmail.com | D92: =fromNewLinkREsponses!D104 -> Akansha Rahul Somani | E92: =fromNewLinkREsponses!E104 -> Ramniwas Mansaram Sarda | F92: =fromNewLinkREsponses!F104 -> 9324059577 | G92: =fromNewLinkREsponses!C104 -> Not Coming | H92: =fromNewLinkREsponses!G104 -> 0 | I92: =F91=F92 -> FALSE
A93: =F93 -> 9324163209 | B93: 45944.769 | D93: Shri Harnarayanji Jaju | E93: Rakesh Kumar Madanlal Mandowara | F93: 9324163209 | G93: Not Coming 🚫 | H93: Going to Rajasthan | I93: =F92=F93 -> FALSE
A94: =F94 -> 9324285448 | B94: =fromNewLinkREsponses!A11 -> 31/10/2025 22:02:55 | C94: =fromNewLinkREsponses!B11 -> nikechandak@gmail.com | D94: =fromNewLinkREsponses!D11 -> Shri Nikhilji Chandak | E94: =fromNewLinkREsponses!E11 -> Unmesh Shrikant Bhandari | F94: =fromNewLinkREsponses!F11 -> 9324285448 | G94: =fromNewLinkREsponses!C11 -> Confirmed Presence | H94: =fromNewLinkREsponses!G11 -> 0 | I94: =F93=F94 -> FALSE
A95: =F95 -> 9324287945 | B95: 45941.594 | D95: Shri Ratishji Mundhra | E95: Rajesh Harish Rathi | F95: 9324287945 | G95: Maybe Attending 🤔 | I95: =F94=F95 -> FALSE
A96: =F96 -> 9324309045 | B96: 45941.582 | D96: Shri Ratishji Mundhra | E96: Pooja Navneet Bhatter | F96: 9324309045 | G96: Confirmed Presence ✅ | I96: =F95=F96 -> FALSE
A97: =F97 -> 9324403905 | B97: =fromNewLinkREsponses!A134 -> 45699.43 | C97: =fromNewLinkREsponses!B134 -> rassawa@gmail.com | D97: =fromNewLinkREsponses!D134 -> Rahul Omshankar Assawa | E97: =fromNewLinkREsponses!E134 -> Girish Rajkumar Kabra | F97: =fromNewLinkREsponses!F134 -> 9324403905 | G97: =fromNewLinkREsponses!C134 -> Not Coming | H97: =fromNewLinkREsponses!G134 -> Wrong number | I97: =F96=F97 -> FALSE
A98: =F98 -> 9324471438 | B98: 45956.615 | D98: Varun Sanjeev Maheshwari | E98: Jugal Kishore Shankarlal Bang | F98: 9324471438 | G98: Not Reachable | I98: =F97=F98 -> FALSE
A99: =F99 -> 9324474949 | B99: 45942.454 | D99: Shri Purshottamji Kalantri | E99: Vinay Vithalprasad Sarda | F99: 9324474949 | G99: Confirmed Presence ✅ | I99: =F98=F99 -> FALSE
A100: =F100 -> 9324478418 | B100: 45957.888 | D100: Shri Nikhilji Chandak | E100: Ashok Nathmal Kabra | F100: 9324478418 | G100: Confirmed Presence ✅ | H100: 2 people have confirmed | I100: =F99=F100 -> FALSE
...

Sheet fromNewLinkREsponses
A1: Timestamp | B1: Email address | C1: Call Status ? | D1: Volunteer Name | E1: Person Contacted | F1: Phone Number | G1: Remarks
A2: 31/10/2025 11:45:03 | B2: ratishmoondra@gmail.com | C2: Not Reachable | D2: Shri Ratishji Mundhra | E2: Alekh Jaggannath Gandhi | F2: 9769422928 | G2: Not on whatsapp
A3: 31/10/2025 11:49:22 | B3: ratishmoondra2025@gmail.com | C3: Phone Busy | D3: Rahul Omshankar Assawa | E3: Ashok Harnarain Chandak | F3: 9819920011
A4: 31/10/2025 11:53:47 | B4: ratishmoondra@gmail.com | C4: Not Reachable | D4: Shri Ratishji Mundhra | E4: Sureshkumar Girdharilal Sarda | F4: 9322874559
A5: 31/10/2025 21:44:16 | B5: nikechandak@gmail.com | C5: Confirmed Presence | D5: Shri Nikhilji Chandak | E5: Rajkumar Shyamsunder Saboo | F5: 9324811111 | G5: 2 member ll join
A6: 31/10/2025 21:51:19 | B6: nikechandak@gmail.com | C6: Confirmed Presence | D6: Shri Nikhilji Chandak | E6: Saurabh Harshvardhan Lakhotiya | F6: 9820524522
A7: 31/10/2025 21:53:46 | B7: nikechandak@gmail.com | C7: Confirmed Presence | D7: Shri Nikhilji Chandak | E7: Shyamsunder Thakurdas Laddha | F7: 9833345544 | G7: 3 member ll join
A8: 31/10/2025 21:56:58 | B8: nikechandak@gmail.com | C8: Not Reachable | D8: Shri Nikhilji Chandak | E8: Sunilkumar Ganeshilal Bharadia | F8: 9928444867 | G8: No is not taking incoming calls
A9: 31/10/2025 21:57:30 | B9: nikechandak@gmail.com | C9: Confirmed Presence | D9: Shri Nikhilji Chandak | E9: Subhash Loonkaran Gandhi | F9: 9819578232 | G9: 3 member ll join
A10: 31/10/2025 22:02:07 | B10: nikechandak@gmail.com | C10: Confirmed Presence | D10: Shri Nikhilji Chandak | E10: Vinit Rameshchandra Maheshwari | F10: 9320308008 | G10: 3 people have confirmed
A11: 31/10/2025 22:02:55 | B11: nikechandak@gmail.com | C11: Confirmed Presence | D11: Shri Nikhilji Chandak | E11: Unmesh Shrikant Bhandari | F11: 9324285448
A12: 31/10/2025 22:08:42 | B12: nikechandak@gmail.com | C12: Confirmed Presence | D12: Shri Nikhilji Chandak | E12: Anil Shantilal Nawal | F12: 9821692529 | G12: 4 people have confirmed
A13: 31/10/2025 22:10:15 | B13: nikechandak@gmail.com | C13: Not Coming | D13: Shri Nikhilji Chandak | E13: Bhupendra Ghanshyandas Rathi | F13: 9867122626
A14: 31/10/2025 22:18:00 | B14: nikechandak@gmail.com | C14: Not Reachable | D14: Shri Nikhilji Chandak | E14: Satish Labhchand Totla | F14: 9323930259
A15: 45668.355 | B15: kkankkbr2025@gmail.com | C15: Not Coming | D15: Ankit Sureshchandra Kabra | E15: Jitendra Kamalkishor Gandhi | F15: 9867319071 | G15: Wrong number
A16: 45668.482 | B16: ravibhattad@gmail.com | C16: Confirmed Presence | D16: Ravindra Bhattad | E16: Hemantkumar Shyamsundar Bahedia | F16: 9702224535 | G16: Already Registered
A17: 45668.484 | B17: onlinevdarak@gmail.com | C17: Not Coming | D17: Varun Kanhaiyalal Darak | E17: Anand Gulabchand Mantri | F17: 9819461122 | G17: Not in town
A18: 45668.571 | B18: jagdish.lahoti92@gmail.com | C18: Confirmed Presence | D18: Jagdish Rameshchand Lahoti | E18: Dilip Balkrishna Mandhana | F18: 9930723354
A19: 45668.572 | B19: jagdish.lahoti92@gmail.com | C19: Confirmed Presence | D19: Jagdish Rameshchand Lahoti | E19: Gajanand Ganpatrai Gaggar | F19: 9320969649
A20: 45668.573 | B20: jagdish.lahoti92@gmail.com | C20: Not Reachable | D20: Jagdish Rameshchand Lahoti | E20: Harinarayan Champalal Karnani | F20: 8777740593
A21: 45668.574 | B21: jagdish.lahoti92@gmail.com | C21: Not Reachable | D21: Jagdish Rameshchand Lahoti | E21: Jayprakash Madanlal Rathi | F21: 7506747155
A22: 45668.575 | B22: jagdish.lahoti92@gmail.com | C22: Confirmed Presence | D22: Jagdish Rameshchand Lahoti | E22: Kamal Bhawarniwas Rathi | F22: 9702292855
A23: 45668.575 | B23: jagdish.lahoti92@gmail.com | C23: Not Reachable | D23: Jagdish Rameshchand Lahoti | E23: Lalit Sitaram Kabra | F23: 9820659788
A24: 45668.576 | B24: jagdish.lahoti92@gmail.com | C24: Confirmed Presence | D24: Jagdish Rameshchand Lahoti | E24: Madhusudan Narayanlal Sarda | F24: 9322397174
A25: 45668.576 | B25: impt85@gmail.com | C25: Confirmed Presence | D25: Shri Premji Taparia | E25: Abhishek Nandkishor Rathi | F25: 9820804282
A26: 45668.577 | B26: jagdish.lahoti92@gmail.com | C26: Confirmed Presence | D26: Jagdish Rameshchand Lahoti | E26: Mehul Dilip Maheshwari | F26: 7506809269
A27: 45668.577 | B27: impt85@gmail.com | C27: Confirmed Presence | D27: Shri Premji Taparia | E27: Akshay Sunil Rathi | F27: 9769373893
A28: 45668.579 | B28: arkmantri@gmail.com | C28: Not Reachable | D28: Shri Avinash Mantri | E28: Malay Laxminarayan Bhattar | F28: 9833933540 | G28: Number doesn't exist
A29: 45668.579 | B29: impt85@gmail.com | C29: Confirmed Presence | D29: Shri Premji Taparia | E29: Ganeshilal Ramkishan Bharadia | F29: 9819789523
A30: 45668.579 | B30: jagdish.lahoti92@gmail.com | C30: Not Reachable | D30: Jagdish Rameshchand Lahoti | E30: Murlimanohar Bodulaal Kasat | F30: 8779756681
A31: 45668.58 | B31: jagdish.lahoti92@gmail.com | C31: Not Reachable | D31: Jagdish Rameshchand Lahoti | E31: Prakash Ramvilas Hurkat | F31: 9820230357
A32: 45668.581 | B32: impt85@gmail.com | C32: Confirmed Presence | D32: Shri Premji Taparia | E32: Gopalkishan Madanlalji Toshniwal | F32: 9821070860
A33: 45668.581 | B33: impt85@gmail.com | C33: Not Reachable | D33: Shri Premji Taparia | E33: Kamalkishore Lunkaran Gandhi | F33: 9892879893
A34: 45668.582 | B34: jagdish.lahoti92@gmail.com | C34: Confirmed Presence | D34: Jagdish Rameshchand Lahoti | E34: Raj Tolaram Lahoti | F34: 9867328282
A35: 45668.582 | B35: impt85@gmail.com | C35: Not Reachable | D35: Shri Premji Taparia | E35: Narendra Shyamsundar Laddha | F35: 9820798553
A36: 45668.582 | B36: arkmantri@gmail.com | C36: May be Attending | D36: Shri Avinash Mantri | E36: Ashish Gopallal Pugalia | F36: 9820444531 | G36: Will let us know
A37: 45668.582 | B37: impt85@gmail.com | C37: Phone Busy | D37: Shri Premji Taparia | E37: Arun Shivkumar Saboo | F37: 9322275160
A38: 45668.582 | B38: jagdish.lahoti92@gmail.com | C38: Confirmed Presence | D38: Jagdish Rameshchand Lahoti | E38: Rajesh Purushottam Bang | F38: 9820066427
A39: 45668.583 | B39: jagdish.lahoti92@gmail.com | C39: Not Coming | D39: Jagdish Rameshchand Lahoti | E39: Ramanuj Ramakishan Soni | F39: 9324051973
A40: 45668.583 | B40: impt85@gmail.com | C40: Confirmed Presence | D40: Shri Premji Taparia | E40: Ramanuj Babulal Dad | F40: 9004481082
A41: 45668.584 | B41: jagdish.lahoti92@gmail.com | C41: Not Reachable | D41: Jagdish Rameshchand Lahoti | E41: Sumit Mohanlal Bhutra | F41: 9833577351
A42: 45668.585 | B42: jagdish.lahoti92@gmail.com | C42: May be Attending | D42: Jagdish Rameshchand Lahoti | E42: Vinod Ramswaroop Pungalia | F42: 9323188245
A43: 45668.585 | B43: jagdish.lahoti92@gmail.com | C43: May be Attending | D43: Jagdish Rameshchand Lahoti | E43: Vithaldas Tejmal Bhattad | F43: 9321169646
A44: 45668.585 | B44: impt85@gmail.com | C44: Not Reachable | D44: Shri Premji Taparia | E44: Sanket Suresh Dhoot | F44: 9892123876
A45: 45668.587 | B45: impt85@gmail.com | C45: May be Attending | D45: Shri Premji Taparia | E45: Shrikant Rajmal Jhawar | F45: 9820810762
A46: 45668.588 | B46: impt85@gmail.com | C46: Not Reachable | D46: Shri Premji Taparia | E46: Shyam Chandramohan Maheshwari | F46: 9920445444
A47: 45668.588 | B47: arkmantri@gmail.com | C47: Confirmed Presence | D47: Shri Avinash Mantri | E47: Harsh Harish Rathi | F47: 9076054588 | G47: Will register
A48: 45668.589 | B48: impt85@gmail.com | C48: May be Attending | D48: Shri Premji Taparia | E48: Vivek Shyamlal Bhadada | F48: 9833032997
A49: 45668.589 | B49: impt85@gmail.com | C49: May be Attending | D49: Shri Premji Taparia | E49: Vivek Shyamlal Bhadada | F49: 9833032997
A50: 45668.59 | B50: impt85@gmail.com | C50: Confirmed Presence | D50: Shri Premji Taparia | E50: Roshanlal Deepchand Mundra | F50: 9324698060
A51: 45668.601 | B51: arkmantri@gmail.com | C51: Confirmed Presence | D51: Shri Avinash Mantri | E51: Bharatkumar Ambalal Bahedia | F51: 9892146517 | G51: Will register
A52: 45668.606 | B52: arkmantri@gmail.com | C52: Confirmed Presence | D52: Shri Avinash Mantri | E52: Harish Kumar Sarda | F52: 9320916175 | G52: Will register
A53: 45668.613 | B53: arkmantri@gmail.com | C53: Confirmed Presence | D53: Shri Avinash Mantri | E53: Kailash Chandmal Kabra | F53: 9821129200 | G53: Will register
A54: 45668.616 | B54: arkmantri@gmail.com | C54: Confirmed Presence | D54: Shri Avinash Mantri | E54: Mahendra Kailashchandra Machhar | F54: 9892340588 | G54: Will register
A55: 45668.616 | B55: khushboodhoot22@gmail.com | C55: Not Coming | D55: Khushboo Sachin Dhoot | E55: Anilkumar Shannimal Mundhra | F55: 9322080898
A56: 45668.617 | B56: khushboodhoot22@gmail.com | D56: Khushboo Sachin Dhoot | E56: Anup - Maheshwari | F56: 9323908004 | G56: Incorrect phone no. Given
A57: 45668.62 | B57: trysachin@gmail.com | C57: May be Attending | D57: Khushboo Sachin Dhoot | E57: Anilkumar Shannimal Mundhra | F57: 9322080898
A58: 45668.62 | B58: trysachin@gmail.com | C58: Not Reachable | D58: Khushboo Sachin Dhoot | E58: Anup - Maheshwari | F58: 9323908004 | G58: Wrong Number
A59: 45668.621 | B59: trysachin@gmail.com | C59: Not Coming | D59: Khushboo Sachin Dhoot | E59: Bhavaishankar Hariram Sodhani | F59: 9414069059 | G59: Out of town
A60: 45668.621 | B60: trysachin@gmail.com | C60: Not Reachable | D60: Khushboo Sachin Dhoot | E60: Gaurav Sunil Kabra | F60: 9768245456
A61: 45668.621 | B61: trysachin@gmail.com | C61: May be Attending | D61: Khushboo Sachin Dhoot | E61: Harinarayan Sitaram Sodhani | F61: 9820569281
A62: 45668.621 | B62: trysachin@gmail.com | C62: Not Coming | D62: Khushboo Sachin Dhoot | E62: Jaiprakash Jugalkishor Daga | F62: 9619537250 | G62: Out of town
A63: 45668.622 | B63: trysachin@gmail.com | C63: May be Attending | D63: Khushboo Sachin Dhoot | E63: Madhusudan Surajratan Mimani | F63: 9820144077 | G63: Will decide at last moment
A64: 45668.622 | B64: trysachin@gmail.com | C64: Not Coming | D64: Khushboo Sachin Dhoot | E64: Manish Madangopal Asawa | F64: 9820660395 | G64: Not in town
A65: 45668.622 | B65: trysachin@gmail.com | C65: Not Coming | D65: Khushboo Sachin Dhoot | E65: Manish Manmal Laddha | F65: 9967592693
A66: 45668.622 | B66: trysachin@gmail.com | C66: Not Reachable | D66: Khushboo Sachin Dhoot | E66: Manoj Radheshyam Somani | F66: 9619190941 | G66: Not answering call
A67: 45668.623 | B67: trysachin@gmail.com | C67: Not Coming | D67: Khushboo Sachin Dhoot | E67: Nitin Vijaykumar Bihani | F67: 9923332469 | G67: Shifted to Pune
A68: 45668.623 | B68: trysachin@gmail.com | C68: Confirmed Presence | D68: Khushboo Sachin Dhoot | E68: Retesh Krishankumar Chandak | F68: 9967045520
A69: 45668.623 | B69: trysachin@gmail.com | C69: Confirmed Presence | D69: Khushboo Sachin Dhoot | E69: Shivratan Bhanvarlal Gaggar | F69: 9664467750 | G69: Already registered
A70: 45668.623 | B70: trysachin@gmail.com | C70: Not Reachable | D70: Khushboo Sachin Dhoot | E70: Shyamsunder Ramvallabh Kabra | F70: 9619136378 | G70: Not answering call
A71: 45668.623 | B71: trysachin@gmail.com | C71: Not Coming | D71: Khushboo Sachin Dhoot | E71: Siddharth Vijay Mundra | F71: 9702733311
A72: 45668.624 | B72: arkmantri@gmail.com | C72: May be Attending | D72: Shri Avinash Mantri | E72: Ramsahay Ramratan Kabra | F72: 9324819088 | G72: Will ask their children to register
A73: 45668.641 | B73: rameshmundhra123@gmail.com | C73: Not Coming | D73: Ramesh Mundhra | E73: Rajendra Ji | F73: As per list | G73: Not coming - Not in mumbai
A74: 45668.652 | B74: arkmantri@gmail.com | C74: Confirmed Presence | D74: Shri Avinash Mantri | E74: Parmeshwar Satyanarayan Malpani | F74: 9892686153 | G74: Will register
A75: 45668.654 | B75: arkmantri@gmail.com | C75: Confirmed Presence | D75: Shri Avinash Mantri | E75: Sureshkumar Ramniwas Jajoo | F75: 7977439717 | G75: Will register
A76: 45668.655 | B76: arkmantri@gmail.com | C76: Confirmed Presence | D76: Shri Avinash Mantri | E76: Ravindra Ramchandra Bhattad | F76: 9833184392 | G76: Will register
A77: 45668.661 | B77: caprachirathi@gmail.com | C77: Confirmed Presence | D77: Prachi Ankit Kabra | E77: Rupesh Ramkisan Somani | F77: 7387113012 | G77: He mentioned that it is done ✅
A78: 45668.662 | B78: caprachirathi@gmail.com | C78: Confirmed Presence | D78: Prachi Ankit Kabra | E78: Nilesh Kapurchand Malani | F78: 9819700400 | G78: He said he will do the registration and wanted to upload the child's marksheet for 10 th std
A79: 45668.665 | B79: caprachirathi@gmail.com | C79: Not Coming | D79: Prachi Ankit Kabra | E79: Ashokkumar Tolaram Karnani | F79: 9768532064 | G79: Busy with some other RSS event.
A80: 45668.666 | B80: caprachirathi@gmail.com | C80: Not Coming | D80: Prachi Ankit Kabra | E80: Hari Dwarikadas Daga | F80: 9322210725 | G80: Death at home in last 5 days
A81: 45668.668 | B81: caprachirathi@gmail.com | C81: Confirmed Presence | D81: Prachi Ankit Kabra | E81: Harish Shyamlal Mundra | F81: 9702088221 | G81: 3-4 people and son's marksheet submitted by him
A82: 45668.669 | B82: caprachirathi@gmail.com | C82: May be Attending | D82: Prachi Ankit Kabra | E82: Kamalkishore Thanmal Rathi | F82: 9322232683 | G82: He is out of town, wife might attend.
A83: 45668.67 | B83: caprachirathi@gmail.com | C83: Not Reachable | D83: Prachi Ankit Kabra | E83: Narendra Premnarayan Soni | F83: 9890208968 | G83: Number invalid
A84: 45668.672 | B84: caprachirathi@gmail.com | C84: Not Reachable | D84: Prachi Ankit Kabra | E84: Rajesh Nathulal Mundhra | F84: 9819332481 | G84: Number invalid
A85: 45668.674 | B85: caprachirathi@gmail.com | C85: May be Attending | D85: Prachi Ankit Kabra | E85: Ravi Shivkumar Bagri | F85: 9331055539 | G85: If other program is cancelled, they might attend.
... A93: 45668.678 | B93: caprachirathi@gmail.com | C93: Not Coming | D93: Prachi Ankit Kabra | E93: Sumeet Suresh Chandra Gilda | F93: 9967015641 | G93: Not coming
A94: 45668.685 | B94: akajainca@gmail.com | C94: May be Attending | D94: Akansha Rahul Somani | E94: Dinesh Devikishan Chandak | F94: 9833202274
A95: 45668.686 | B95: akajainca@gmail.com | C95: Phone Busy | D95: Akansha Rahul Somani | E95: Jagdish Rameshwarlal Agal | F95: 9323698838
A96: 45668.687 | B96: akajainca@gmail.com | C96: Confirmed Presence | D96: Akansha Rahul Somani | E96: Jugalkishor Mohanlal Jhawar | F96: 9323549794
A97: 45668.687 | B97: akajainca@gmail.com | C97: Phone Busy | D97: Akansha Rahul Somani | E97: Mahendrda Mohan Kabra | F97: 9029889349
A98: 45668.687 | B98: akajainca@gmail.com | C98: Not Reachable | D98: Akansha Rahul Somani | E98: Niraj Rajesh Khemani | F98: 9579122701
A99: 45668.688 | B99: akajainca@gmail.com | C99: May be Attending | D99: Akansha Rahul Somani | E99: Premswaroop Prakashchandra Sikchi | F99: 9920816543
A100: 45668.688 | B100: akajainca@gmail.com | C100: Confirmed Presence | D100: Akansha Rahul Somani | E100: Pushkar Sohanlal Mantri | F100: 9821116827
A101: 45668.689 | B101: akajainca@gmail.com | C101: Not Coming | D101: Akansha Rahul Somani | E101: Rajesh Radheshyam Moondra | F101: 9820970907
A102: 45668.69 | B102: akajainca@gmail.com | C102: Not Coming | D102: Akansha Rahul Somani | E102: Rajkishor Shankarlal Bang | F102: 9920202022
A103: 45668.69 | B103: akajainca@gmail.com | C103: Phone Busy | D103: Akansha Rahul Somani | E103: Ramniwas Mansaram Sarda | F103: 9324059577
A104: 45668.691 | B104: akajainca@gmail.com | C104: Not Coming | D104: Akansha Rahul Somani | E104: Ramniwas Mansaram Sarda | F104: 9324059577
A105: 45668.691 | B105: akajainca@gmail.com | C105: Confirmed Presence | D105: Akansha Rahul Somani | E105: Ravi Kamalkishore LOHIA | F105: 9820858454
... A113: 45668.699 | B113: vipin0785@gmail.com | C113: Not Coming | D113: Vipin Saboo | E113: Kuldeep Gulabchand Mantri | F113: 9820027895
A114: 45668.7 | B114: vipin0785@gmail.com | C114: May be Attending | D114: Vipin Saboo | E114: Rajesh Ramawatar Sodhani | F114: 7045887557 | G114: Not sure. If free 2 would be attending
...

Sheet Registration
A1: Mobile Number | B1: # OF People | C1: Mob | D1: Name | F1: Timestamp | G1: Email Address | H1: 👥 How many members from your family will be attending? 🎉 (Including yourself!) आपके परिवार से कितने सदस्य उपस्थित रहेंगे? (स्वयं को मिलाकर!) | I1: 📱 WhatsApp Number 📞 | J1: 📝 Your Name | K1: 📍 Your Location🌍 | L1: UPI Transaction ID (Last 5 Digits please) | M1: Column 7 | N1: Registration ID
A2: =C2 -> 9993325021 | B2: =H2 -> 2 | C2: =I2 -> 9993325021 | D2: =J2 -> Ronak karwa | E2: =VLOOKUP(A2,DataPublished!C:C,1,FALSE) -> 9993325021 | F2: 45939.432 | G2: ronakkarwa@gmail.com | H2: 2 | I2: 9993325021 | J2: Ronak karwa | K2: Kandivali - Malad Area | L2: 528265775027 | N2: REG-2025-00115
A3: =C3 -> 9833705425 | B3: =H3 -> 4 | C3: =I3 -> 9833705425 | D3: =J3 -> Ramesh Mundhra | E3: =VLOOKUP(A3,DataPublished!C:C,1,FALSE) -> 9833705425 | F3: 45941.588 | G3: rameshmundhra123@gmail.com | H3: 4 | I3: 9833705425 | J3: Ramesh Mundhra | K3: Kandivali - Malad Area | L3: 112486806258 | N3: REG-2025-00116
A4: =C4 -> 9820522401 | B4: =H4 -> 5 | C4: =I4 -> 9820522401 | D4: =J4 -> Radheshyam Lahoti | E4: =VLOOKUP(A4,DataPublished!C:C,1,FALSE) -> 9820522401 | F4: 45944.771 | G4: rslahoti1@gmail.com | H4: 5 | I4: 9820522401 | J4: Radheshyam Lahoti | K4: Kandivali - Malad Area | L4: 54634 | N4: REG-2025-00117
A5: =C5 -> 9987207838 | B5: =H5 -> 2 | C5: =I5 -> 9987207838 | D5: =J5 -> Sarla Toshniwal | E5: =VLOOKUP(A5,DataPublished!C:C,1,FALSE) -> #N/A | F5: 45948.644 | G5: sarlatoshniwal63@gmail.com | H5: 2 | I5: 9987207838 | J5: Sarla Toshniwal | K5: Kandivali - Malad Area | L5: 81820 | N5: REG-2025-00118
A6: =C6 -> 9867711122 | B6: =H6 -> 3 | C6: =I6 -> 9867711122 | D6: =J6 -> Ravi Soni | E6: =VLOOKUP(A6,DataPublished!C:C,1,FALSE) -> 9867711122 | F6: 45949.444 | G6: dbaocr@gmail.com | H6: 3 | I6: 9867711122 | J6: Ravi Soni | K6: Kandivali - Malad Area | L6: 81103 | N6: REG-2025-00119
A7: =C7 -> 9920307573 | B7: =H7 -> 4 | C7: =I7 -> 9920307573 | D7: =J7 -> Mayur Dilip Biyani | E7: =VLOOKUP(A7,DataPublished!C:C,1,FALSE) -> 9920307573 | F7: 45951.821 | G7: mayurbiyani2003@gmail.com | H7: 4 | I7: 9920307573 | J7: Mayur Dilip Biyani | K7: Kandivali - Malad Area | L7: 1991 | N7: REG-2025-00120
A8: =C8 -> 9322206108 | B8: =H8 -> 5 | C8: =I8 -> 9322206108 | D8: =J8 -> Purushottam Kalantri | E8: =VLOOKUP(A8,DataPublished!C:C,1,FALSE) -> 9322206108 | F8: 45957.75 | G8: umeshkalantri@gmail.com | H8: 5 | I8: 9322206108 | J8: Purushottam Kalantri | K8: Kandivali - Malad Area | L8: 6381 | N8: REG-2025-00121
A9: =C9 -> 9004928430 | B9: =H9 -> 1 | C9: =I9 -> 9004928430 | D9: =J9 -> Naresh Dhoot | E9: =VLOOKUP(A9,DataPublished!C:C,1,FALSE) -> 9004928430 | F9: 45957.952 | G9: meghmasti@gmail.com | H9: 1 | I9: 9004928430 | J9: Naresh Dhoot | K9: Kandivali - Malad Area | L9: 77239 | N9: REG-2025-00122
A10: =C10 -> 9967031830 | B10: =H10 -> 3 | C10: =I10 -> 9967031830 | D10: =J10 -> Rinku Rajgopal Kabra | E10: =VLOOKUP(A10,DataPublished!C:C,1,FALSE) -> 9967031830 | F10: 45958.401 | G10: rinkukabra74@gmail.com | H10: 3 | I10: 9967031830 | J10: Rinku Rajgopal Kabra | K10: Kandivali - Malad Area | L10: 93461 | N10: REG-2025-00123
A11: =C11 -> 9820001618 | B11: =H11 -> 8 | C11: =I11 -> 9820001618 | D11: =J11 -> Ramavtar Gaggar | E11: =VLOOKUP(A11,DataPublished!C:C,1,FALSE) -> 9820001618 | F11: 45958.442 | G11: ram.gaggar@gmail.com | H11: 8 | I11: 9820001618 | J11: Ramavtar Gaggar | K11: Kandivali - Malad Area | L11: 8791 | N11: REG-2025-00124
A12: =C12 -> 9975708960 | B12: =H12 -> 3 | C12: =I12 -> 9975708960 | D12: =J12 -> Priyanka singhi | E12: =VLOOKUP(A12,DataPublished!C:C,1,FALSE) -> #N/A | F12: 45958.465 | G12: priyankapkakani@gmail.com | H12: 3 | I12: 9975708960 | J12: Priyanka singhi | K12: Kandivali - Malad Area | L12: 80153 | N12: REG-2025-00125
A13: =C13 -> 9964005943 | B13: =H13 -> 2 | C13: =I13 -> 9964005943 | D13: =J13 -> Rohit Zanwar | E13: =VLOOKUP(A13,DataPublished!C:C,1,FALSE) -> 9964005943 | F13: 45958.682 | G13: rzanwar103@gmail.com | H13: 2 | I13: 9964005943 | J13: Rohit Zanwar | K13: Kandivali - Malad Area | L13: 71985 | N13: REG-2025-00126
... A20: =C20 -> 9833922453 | B20: =H20 -> 6 | C20: =I20 -> 9833922453 | D20: =J20 -> Pallavi Kasat | E20: =VLOOKUP(A20,DataPublished!C:C,1,FALSE) -> #N/A | F20: 45959.375 | G20: cheerspallavi@gmail.com | H20: 6 | I20: 9833922453 | J20: Pallavi Kasat | K20: Kandivali - Malad Area | L20: 16427 | N20: REG-2025-00133
A21: =C21 -> 9002826174 | B21: =H21 -> 2 | C21: =I21 -> 9002826174 | D21: =J21 -> Nidhi taparia | E21: =VLOOKUP(A21,DataPublished!C:C,1,FALSE) -> #N/A | F21: 31/10/2025 11:07:53 | G21: ronak.karwa@lendenclub.com | H21: 2 | I21: 9002826174 | J21: Nidhi taparia | K21: Kandivali - Malad Area | L21: 16878
A22: =C22 -> 9819146316 | B22: =H22 -> 4 | C22: =I22 -> 9819146316 | D22: =J22 -> Vishnu Toshniwal | E22: =VLOOKUP(A22,DataPublished!C:C,1,FALSE) -> 9819146316 | F22: 31/10/2025 11:24:48 | G22: toshniwalvishnu8@gmail.com | H22: 4 | I22: 9819146316 | J22: Vishnu Toshniwal | K22: Kandivali - Malad Area | L22: 69118
A23: =C23 -> 7506460775 | B23: =H23 -> 2 | C23: =I23 -> 7506460775 | D23: =J23 -> Raunak Rathi | E23: =VLOOKUP(A23,DataPublished!C:C,1,FALSE) -> #N/A | F23: 31/10/2025 12:35:57 | G23: raunakrathi20@gmail.com | H23: 2 | I23: 7506460775 | J23: Raunak Rathi | K23: Kandivali - Malad Area | L23: 40851
A24: =C24 -> 9920485387 | B24: =H24 -> 3 | C24: =I24 -> 9920485387 | D24: =J24 -> Dinesh Hari Kabra | E24: =VLOOKUP(A24,DataPublished!C:C,1,FALSE) -> 9920485387 | F24: 31/10/2025 12:46:30 | G24: dineshkabra200@gmail.com | H24: 3 | I24: 9920485387 | J24: Dinesh Hari Kabra | K24: Kandivali - Malad Area | L24: 42270
A25: =C25 -> 9820747070 | B25: =H25 -> 3 | C25: =I25 -> 9820747070 | D25: =J25 -> Santosh Dhoot | E25: =VLOOKUP(A25,DataPublished!C:C,1,FALSE) -> 9820747070 | F25: 31/10/2025 17:18:24 | G25: dhootkhush@gmail.com | H25: 3 | I25: 9820747070 | J25: Santosh Dhoot | K25: Kandivali - Malad Area | L25: 72805
A26: =C26 -> 7387113012 | B26: =H26 -> 2 | C26: =I26 -> 7387113012 | D26: =J26 -> Rupesh Somani | E26: =VLOOKUP(A26,DataPublished!C:C,1,FALSE) -> 7387113012 | F26: 31/10/2025 17:33:46 | G26: rupesh.mailbox@gmail.com | H26: 2 | I26: 7387113012 | J26: Rupesh Somani | K26: Kandivali - Malad Area | L26: 70086
A27: =C27 -> 9987715825 | B27: =H27 -> 4 | C27: =I27 -> 9987715825 | D27: =J27 -> Yash Malani | E27: =VLOOKUP(A27,DataPublished!C:C,1,FALSE) -> #N/A | F27: 31/10/2025 17:39:44 | G27: malaniyash2806@gmail.com | H27: 4 | I27: 9987715825 | J27: Yash Malani | K27: Kandivali - Malad Area | L27: 10477
A28: =C28 -> 9323192651 | B28: =H28 -> 1 | C28: =I28 -> 9323192651 | D28: =J28 -> Nilesh Tawari | E28: =VLOOKUP(A28,DataPublished!C:C,1,FALSE) -> 9323192651 | F28: 31/10/2025 20:26:47 | G28: tawari.nilesh2@gmail.com | H28: 1 | I28: 9323192651 | J28: Nilesh Tawari | K28: Kandivali - Malad Area | L28: 15925
A29: =C29 -> 9529611813 | B29: =H29 -> 4 | C29: =I29 -> 9529611813 | D29: =J29 -> Abhishek Rathi | E29: =VLOOKUP(A29,DataPublished!C:C,1,FALSE) -> 9529611813 | F29: 31/10/2025 22:34:32 | G29: caabhishekrathi19@gmail.com | H29: 4 | I29: 9529611813 | J29: Abhishek Rathi | K29: Kandivali - Malad Area | L29: 90705
A30: =C30 -> 9833451953 | B30: =H30 -> 6 | C30: =I30 -> 9833451953 | D30: =J30 -> Khushbu bhala | E30: =VLOOKUP(A30,DataPublished!C:C,1,FALSE) -> #N/A | F30: 31/10/2025 22:38:58 | G30: khushbu.malpani@gmail.com | H30: 6 | I30: 9833451953 | J30: Khushbu bhala | K30: Kandivali - Malad Area | L30: 97389
A31: =C31 -> 9004481082 | B31: =H31 -> 3 | C31: =I31 -> 9004481082 | D31: =J31 -> Ramanuj Dad | E31: =VLOOKUP(A31,DataPublished!C:C,1,FALSE) -> 9004481082 | F31: 31/10/2025 23:23:58 | G31: ramanuj.in@gmail.com | H31: 3 | I31: 9004481082 | J31: Ramanuj Dad | K31: Kandivali - Malad Area | L31: 19968
A32: =C32 -> 8383088008 | B32: =H32 -> 3 | C32: =I32 -> 8383088008 | D32: =J32 -> Sanwariya Somani | E32: =VLOOKUP(A32,DataPublished!C:C,1,FALSE) -> 8383088008 | F32: 45668.404 | G32: casanwariya@gmail.com | H32: 3 | I32: 8383088008 | J32: Sanwariya Somani | K32: Kandivali - Malad Area | L32: 36151
A33: =C33 -> 9867621977 | B33: =H33 -> 2 | C33: =I33 -> 9867621977 | D33: =J33 -> Naresh Kabra | E33: =VLOOKUP(A33,DataPublished!C:C,1,FALSE) -> 9867621977 | F33: 45668.447 | G33: rtrnavneetkabra@gmail.com | H33: 2 | I33: 9867621977 | J33: Naresh Kabra | K33: Kandivali - Malad Area | L33: 90139
A34: =C34 -> 9819364345 | B34: =H34 -> 4 | C34: =I34 -> 9819364345 | D34: =J34 -> Ankit Kabra | E34: =VLOOKUP(A34,DataPublished!C:C,1,FALSE) -> 9819364345 | F34: 45668.471 | G34: kkankkbr2025@gmail.com | H34: 4 | I34: 9819364345 | J34: Ankit Kabra | K34: Kandivali - Malad Area | L34: 10651
A35: =C35 -> 9920020171 | B35: =H35 -> 4 | C35: =I35 -> 9920020171 | D35: =J35 -> Harish Bhootra | E35: =VLOOKUP(A35,DataPublished!C:C,1,FALSE) -> #N/A | F35: 45668.534 | G35: haribhootra@gmail.com | H35: 4 | I35: 9920020171 | J35: Harish Bhootra | K35: Other | L35: 64713
A36: =C36 -> 9664467750 | B36: =H36 -> 2 | C36: =I36 -> 9664467750 | D36: =J36 -> Shivratan gaggar | E36: =VLOOKUP(A36,DataPublished!C:C,1,FALSE) -> 9664467750 | F36: 45668.55 | G36: gaggarsratan@gmail.com | H36: 2 | I36: 9664467750 | J36: Shivratan gaggar | K36: Kandivali - Malad Area | L36: 46959
A37: =C37 -> 9320770849 | B37: =H37 -> 2 | C37: =I37 -> 9320770849 | D37: =J37 -> Neelam Toshniwal | E37: =VLOOKUP(A37,DataPublished!C:C,1,FALSE) -> 9320770849 | F37: 45668.56 | G37: neelam.toshniwal@gmail.com | H37: 2 | I37: 9320770849 | J37: Neelam Toshniwal | K37: Kandivali - Malad Area | L37: 72503
A38: =C38 -> 9869834085 | B38: =H38 -> 2 | C38: =I38 -> 9869834085 | D38: =J38 -> Sumit Somani | E38: =VLOOKUP(A38,DataPublished!C:C,1,FALSE) -> #N/A | F38: 45668.6 | G38: sumitssomani@gmail.com | H38: 2 | I38: 9869834085 | J38: Sumit Somani | K38: Kandivali - Malad Area | L38: 41509
A39: =C39 -> 7506747155 | B39: =H39 -> 4 | C39: =I39 -> 7506747155 | D39: =J39 -> Jai Prakash Rathi | E39: =VLOOKUP(A39,DataPublished!C:C,1,FALSE) -> 7506747155 | F39: 45668.616 | G39: rathijp56@gmail.com | H39: 4 | I39: 7506747155 | J39: Jai Prakash Rathi | K39: Kandivali - Malad Area | L39: 33904
A40: =C40 -> 9967841114 | B40: =H40 -> 3 | C40: =I40 -> 9967841114 | D40: =J40 -> Ramesh Mundra | E40: =VLOOKUP(A40,DataPublished!C:C,1,FALSE) -> 9967841114 | F40: 45668.69 | G40: ramesh.mundra1@gmail.com | H40: 3 | I40: 9967841114 | J40: Ramesh Mundra | K40: Kandivali - Malad Area | L40: 17693
A41: =C41 -> 9322853147 | B41: =H41 -> 2 | C41: =I41 -> 9322853147 | D41: =J41 -> Nandkishore Attal | E41: =VLOOKUP(A41,DataPublished!C:C,1,FALSE) -> 9322853147 | F41: 45668.716 | G41: rishabh.syn@gmail.com | H41: 2 | I41: 9322853147 | J41: Nandkishore Attal | K41: Kandivali - Malad Area | L41: 40459
A42: =C42 -> 9764005162 | B42: =H42 -> 2 | C42: =I42 -> 9764005162 | D42: =J42 -> Atul Bhutada | E42: =VLOOKUP(A42,DataPublished!C:C,1,FALSE) -> 9764005162 | F42: 45668.761 | G42: ajbhutada@gmail.com | H42: 2 | I42: 9764005162 | J42: Atul Bhutada | K42: Kandivali - Malad Area | L42: 5944
A43: =C43 -> 9892441866 | B43: =H43 -> 4 | C43: =I43 -> 9892441866 | D43: =J43 -> Archana Singhi | E43: =VLOOKUP(A43,DataPublished!C:C,1,FALSE) -> #N/A | F43: 45668.96 | G43: arcsinghi@gmail.com | H43: 4 | I43: 9892441866 | J43: Archana Singhi | K43: Kandivali - Malad Area | L43: 14025
... A54: =C54 -> 9324780543 | B54: =H54 -> 2 | C54: =I54 -> 9324780543 | D54: =J54 -> Rupali Biyani | E54: =VLOOKUP(A54,DataPublished!C:C,1,FALSE) -> #N/A | F54: 45699.733 | G54: biyanipankaj@gmail.com | H54: 2 | I54: 9324780543 | J54: Rupali Biyani | K54: Kandivali - Malad Area | L54: 23307
